id,universe,franchise,collection,canon,type,title,release,status,releaseOrder,chronoOrder,chronoApprox,era,platform,seasons,runtimeMin,tier,doomsday,doomsdayOrder,doomsdayReason,notes,tmdbId,tmdbType,needsReview,episodes,episodeRuntimeMin,totalRuntimeMin,runtimeSource,runtimeApprox
x-men-2000,Marvel,Fox X-Men (non-MCU),X-Men,Non-MCU Marvel,Movie,X-Men,2000,released,,,false,Fox X-Men,Theaters,,104,core,official,1,,Official Disney+ list,,movie,false,,,104,seed,false
x2-x-men-united-2003,Marvel,Fox X-Men (non-MCU),X-Men,Non-MCU Marvel,Movie,X2: X-Men United,2003,released,,,false,Fox X-Men,Theaters,,134,core,official,2,,Official Disney+ list,,movie,false,,,134,seed,false
x-men-the-last-stand-2006,Marvel,Fox X-Men (non-MCU),X-Men,Non-MCU Marvel,Movie,X-Men: The Last Stand,2006,released,,,false,Fox X-Men,Theaters,,104,core,no,,,,,movie,false,,,104,seed,false
iron-man-2008,Marvel,MCU,The Infinity Saga,MCU canon,Movie,Iron Man,2008,released,,,false,Phase 1,Theaters,,126,core,optional,,Tony Stark origin; Robert Downey Jr. returns as Victor Von Doom in Doomsday.,Tony Stark origin; RDJ returns in Doomsday,,movie,false,,,126,seed,false
the-incredible-hulk-2008,Marvel,MCU,The Infinity Saga,MCU canon,Movie,The Incredible Hulk,2008,released,,,false,Phase 1,Theaters,,112,core,no,,,,,movie,false,,,112,seed,false
x-men-origins-wolverine-2009,Marvel,Fox X-Men (non-MCU),X-Men,Non-MCU Marvel,Movie,X-Men Origins: Wolverine,2009,released,,,false,Fox X-Men,Theaters,,107,core,no,,,,,movie,false,,,107,seed,false
iron-man-2-2010,Marvel,MCU,The Infinity Saga,MCU canon,Movie,Iron Man 2,2010,released,,,false,Phase 1,Theaters,,124,core,no,,,,,movie,false,,,124,seed,false
captain-america-the-first-avenger-2011,Marvel,MCU,The Infinity Saga,MCU canon,Movie,Captain America: The First Avenger,2011,released,,,false,Phase 1,Theaters,,124,core,official,3,,Official Disney+ list,,movie,false,,,124,seed,false
thor-2011,Marvel,MCU,The Infinity Saga,MCU canon,Movie,Thor,2011,released,,,false,Phase 1,Theaters,,115,core,no,,,,,movie,false,,,115,seed,false
x-men-first-class-2011,Marvel,Fox X-Men (non-MCU),X-Men,Non-MCU Marvel,Movie,X-Men: First Class,2011,released,,,false,Fox X-Men,Theaters,,131,core,no,,,,,movie,false,,,131,seed,false
the-avengers-2012,Marvel,MCU,The Infinity Saga,MCU canon,Movie,The Avengers,2012,released,,,false,Phase 1,Theaters,,143,core,official,4,,Official Disney+ list,,movie,false,,,143,seed,false
iron-man-3-2013,Marvel,MCU,The Infinity Saga,MCU canon,Movie,Iron Man 3,2013,released,,,false,Phase 2,Theaters,,130,core,no,,,,,movie,false,,,130,seed,false
man-of-steel-2013,DC,DCEU (Snyderverse era),DC Extended Universe,DCEU,Movie,Man of Steel,2013,released,,,false,DCEU,Theaters,,143,core,na,,,,,movie,false,,,143,seed,false
the-wolverine-2013,Marvel,Fox X-Men (non-MCU),X-Men,Non-MCU Marvel,Movie,The Wolverine,2013,released,,,false,Fox X-Men,Theaters,,126,core,no,,,,,movie,false,,,126,seed,false
thor-the-dark-world-2013,Marvel,MCU,The Infinity Saga,MCU canon,Movie,Thor: The Dark World,2013,released,,,false,Phase 2,Theaters,,112,core,no,,,,,movie,false,,,112,seed,false
captain-america-the-winter-soldier-2014,Marvel,MCU,The Infinity Saga,MCU canon,Movie,Captain America: The Winter Soldier,2014,released,,,false,Phase 2,Theaters,,136,core,optional,,Bucky Barnes and Sam Wilson backstory leading directly to Brave New World & Thunderbolts*.,Bucky and Sam Wilson backstory,,movie,false,,,136,seed,false
guardians-of-the-galaxy-2014,Marvel,MCU,The Infinity Saga,MCU canon,Movie,Guardians of the Galaxy,2014,released,,,false,Phase 2,Theaters,,121,core,no,,,,,movie,false,,,121,seed,false
x-men-days-of-future-past-2014,Marvel,Fox X-Men (non-MCU),X-Men,Non-MCU Marvel,Movie,X-Men: Days of Future Past,2014,released,,,false,Fox X-Men,Theaters,,132,core,no,,,,,movie,false,,,132,seed,false
ant-man-2015,Marvel,MCU,The Infinity Saga,MCU canon,Movie,Ant-Man,2015,released,,,false,Phase 2,Theaters,,117,core,no,,,,,movie,false,,,117,seed,false
avengers-age-of-ultron-2015,Marvel,MCU,The Infinity Saga,MCU canon,Movie,Avengers: Age of Ultron,2015,released,,,false,Phase 2,Theaters,,141,core,no,,,,,movie,false,,,141,seed,false
batman-v-superman-dawn-of-justice-2016,DC,DCEU (Snyderverse era),DC Extended Universe,DCEU,Movie,Batman v Superman: Dawn of Justice,2016,released,,,false,DCEU,Theaters,,151,core,na,,,,,movie,false,,,151,seed,false
captain-america-civil-war-2016,Marvel,MCU,The Infinity Saga,MCU canon,Movie,Captain America: Civil War,2016,released,,,false,Phase 3,Theaters,,147,core,no,,,,,movie,false,,,147,seed,false
deadpool-2016,Marvel,Fox X-Men (non-MCU),Deadpool,Non-MCU Marvel,Movie,Deadpool,2016,released,,,false,Fox X-Men,Theaters,,108,core,optional,,Deadpool origin; vital character context for Deadpool & Wolverine.,Context for Deadpool & Wolverine,,movie,false,,,108,seed,false
doctor-strange-2016,Marvel,MCU,The Infinity Saga,MCU canon,Movie,Doctor Strange,2016,released,,,false,Phase 3,Theaters,,115,core,no,,,,,movie,false,,,115,seed,false
suicide-squad-2016,DC,DCEU (Snyderverse era),DC Extended Universe,DCEU,Movie,Suicide Squad,2016,released,,,false,DCEU,Theaters,,123,core,na,,,,,movie,false,,,123,seed,false
x-men-apocalypse-2016,Marvel,Fox X-Men (non-MCU),X-Men,Non-MCU Marvel,Movie,X-Men: Apocalypse,2016,released,,,false,Fox X-Men,Theaters,,144,core,no,,,,,movie,false,,,144,seed,false
guardians-of-the-galaxy-vol-2-2017,Marvel,MCU,The Infinity Saga,MCU canon,Movie,Guardians of the Galaxy Vol. 2,2017,released,,,false,Phase 3,Theaters,,136,core,no,,,,,movie,false,,,136,seed,false
justice-league-2017,DC,DCEU (Snyderverse era),DC Extended Universe,DCEU,Movie,Justice League,2017,released,,,false,DCEU,Theaters,,120,core,na,,,,,movie,false,,,120,seed,false
logan-2017,Marvel,Fox X-Men (non-MCU),Wolverine,Non-MCU Marvel,Movie,Logan,2017,released,,,false,Fox X-Men,Theaters,,137,core,optional,,Wolverine emotional baseline referenced directly in Deadpool & Wolverine.,Context for Deadpool & Wolverine,,movie,false,,,137,seed,false
spider-man-homecoming-2017,Marvel,MCU,The Infinity Saga,MCU canon,Movie,Spider-Man: Homecoming,2017,released,,,false,Phase 3,Theaters,,133,core,no,,,,,movie,false,,,133,seed,false
thor-ragnarok-2017,Marvel,MCU,The Infinity Saga,MCU canon,Movie,Thor: Ragnarok,2017,released,,,false,Phase 3,Theaters,,130,core,optional,,Thor and Loki dynamic and setup for Infinity War / Doomsday cast.,Thor and Loki in Doomsday cast,,movie,false,,,130,seed,false
wonder-woman-2017,DC,DCEU (Snyderverse era),DC Extended Universe,DCEU,Movie,Wonder Woman,2017,released,,,false,DCEU,Theaters,,141,core,na,,,,,movie,false,,,141,seed,false
ant-man-and-the-wasp-2018,Marvel,MCU,The Infinity Saga,MCU canon,Movie,Ant-Man and the Wasp,2018,released,,,false,Phase 3,Theaters,,118,core,no,,,,,movie,false,,,118,seed,false
aquaman-2018,DC,DCEU (Snyderverse era),DC Extended Universe,DCEU,Movie,Aquaman,2018,released,,,false,DCEU,Theaters,,143,core,na,,,,,movie,false,,,143,seed,false
avengers-infinity-war-2018,Marvel,MCU,The Infinity Saga,MCU canon,Movie,Avengers: Infinity War,2018,released,,,false,Phase 3,Theaters,,149,core,official,5,,Official Disney+ list,,movie,false,,,149,seed,false
black-panther-2018,Marvel,MCU,The Infinity Saga,MCU canon,Movie,Black Panther,2018,released,,,false,Phase 3,Theaters,,134,core,optional,,Wakanda world-building and M'Baku backstory; pairs with Wakanda Forever.,Wakanda / M'Baku; pairs with Wakanda Forever,,movie,false,,,134,seed,false
deadpool-2-2018,Marvel,Fox X-Men (non-MCU),Deadpool,Non-MCU Marvel,Movie,Deadpool 2,2018,released,,,false,Fox X-Men,Theaters,,119,core,optional,,Introduces time-travel device and mutant ensemble preceding Deadpool & Wolverine.,Context for Deadpool & Wolverine,,movie,false,,,119,seed,false
avengers-endgame-2019,Marvel,MCU,The Infinity Saga,MCU canon,Movie,Avengers: Endgame,2019,released,,,false,Phase 3,Theaters,,181,core,official,6,,Official Disney+ list,,movie,false,,,181,seed,false
captain-marvel-2019,Marvel,MCU,The Infinity Saga,MCU canon,Movie,Captain Marvel,2019,released,,,false,Phase 3,Theaters,,124,core,no,,,,,movie,false,,,124,seed,false
dark-phoenix-2019,Marvel,Fox X-Men (non-MCU),X-Men,Non-MCU Marvel,Movie,Dark Phoenix,2019,released,,,false,Fox X-Men,Theaters,,114,core,no,,,,,movie,false,,,114,seed,false
joker-2019,DC,Elseworlds,Joker,Elseworlds,Movie,Joker,2019,released,,,false,Elseworlds,Theaters,,122,core,na,,,,,movie,false,,,122,seed,false
shazam-2019,DC,DCEU (Snyderverse era),DC Extended Universe,DCEU,Movie,Shazam!,2019,released,,,false,DCEU,Theaters,,132,core,na,,,,,movie,false,,,132,seed,false
spider-man-far-from-home-2019,Marvel,MCU,The Infinity Saga,MCU canon,Movie,Spider-Man: Far From Home,2019,released,,,false,Phase 3,Theaters,,129,core,no,,,,,movie,false,,,129,seed,false
birds-of-prey-2020,DC,DCEU (Snyderverse era),DC Extended Universe,DCEU,Movie,Birds of Prey,2020,released,,,false,DCEU,Theaters,,109,core,na,,,,,movie,false,,,109,seed,false
the-new-mutants-2020,Marvel,Fox X-Men (non-MCU),X-Men,Non-MCU Marvel,Movie,The New Mutants,2020,released,,,false,Fox X-Men,Theaters,,94,core,no,,,,,movie,false,,,94,seed,false
wonder-woman-1984-2020,DC,DCEU (Snyderverse era),DC Extended Universe,DCEU,Movie,Wonder Woman 1984,2020,released,,,false,DCEU,Theaters,,151,core,na,,,,,movie,false,,,151,seed,false
black-widow-2021,Marvel,MCU,The Multiverse Saga,MCU canon,Movie,Black Widow,2021,released,,,false,Phase 4,Theaters,,134,core,optional,,"Introduces Yelena Belova and Red Guardian, both leading members of Thunderbolts*.",Introduces Yelena Belova and Red Guardian (both in Doomsday cast),,movie,false,,,134,seed,false
eternals-2021,Marvel,MCU,The Multiverse Saga,MCU canon,Movie,Eternals,2021,released,,,false,Phase 4,Theaters,,156,core,no,,,,,movie,false,,,156,seed,false
loki-seasons-1-2-2021,Marvel,MCU,The Multiverse Saga,MCU canon,TV Series,Loki (Seasons 1-2),2021-2023,released,,,false,Phase 4-5,Disney+,2,,core,official,7,,Official Disney+ list; only TV entry (included for completeness),,tv,false,,,,,false
shang-chi-and-the-legend-of-the-ten-rings-2021,Marvel,MCU,The Multiverse Saga,MCU canon,Movie,Shang-Chi and the Legend of the Ten Rings,2021,released,,,false,Phase 4,Theaters,,132,core,official,8,,Official Disney+ list,,movie,false,,,132,seed,false
spider-man-no-way-home-2021,Marvel,MCU,The Multiverse Saga,MCU canon,Movie,Spider-Man: No Way Home,2021,released,,,false,Phase 4,Theaters,,148,core,official,9,,Official Disney+ list; multiverse setup,,movie,false,,,148,seed,false
the-suicide-squad-2021,DC,DCEU (Snyderverse era),DC Extended Universe,DCEU,Movie,The Suicide Squad,2021,released,,,false,DCEU,Theaters,,132,core,na,,,,,movie,false,,,132,seed,false
zack-snyder-s-justice-league-2021,DC,DCEU (Snyderverse era),DC Extended Universe,DCEU,Movie,Zack Snyder's Justice League,2021,released,,,false,DCEU,Max,,242,core,na,,,,,movie,false,,,242,seed,false
black-adam-2022,DC,DCEU (Snyderverse era),DC Extended Universe,DCEU,Movie,Black Adam,2022,released,,,false,DCEU,Theaters,,125,core,na,,,,,movie,false,,,125,seed,false
black-panther-wakanda-forever-2022,Marvel,MCU,The Multiverse Saga,MCU canon,Movie,Black Panther: Wakanda Forever,2022,released,,,false,Phase 4,Theaters,,161,core,official,10,,Official Disney+ list; introduces Namor (Tenoch Huerta),,movie,false,,,161,seed,false
doctor-strange-in-the-multiverse-of-madness-2022,Marvel,MCU,The Multiverse Saga,MCU canon,Movie,Doctor Strange in the Multiverse of Madness,2022,released,,,false,Phase 4,Theaters,,126,core,official,11,,Official Disney+ list,,movie,false,,,126,seed,false
the-batman-2022,DC,Elseworlds,The Batman Epic Crime Saga,Elseworlds,Movie,The Batman,2022,released,,,false,Elseworlds,Theaters,,176,core,na,,,,,movie,false,,,176,seed,false
thor-love-and-thunder-2022,Marvel,MCU,The Multiverse Saga,MCU canon,Movie,Thor: Love and Thunder,2022,released,,,false,Phase 4,Theaters,,119,core,no,,,,,movie,false,,,119,seed,false
ant-man-and-the-wasp-quantumania-2023,Marvel,MCU,The Multiverse Saga,MCU canon,Movie,Ant-Man and the Wasp: Quantumania,2023,released,,,false,Phase 5,Theaters,,124,core,optional,,Quantum Realm mechanics and multiversal dynamics leading toward Secret Wars.,Quantum Realm / Kang multiverse background,,movie,false,,,124,seed,false
aquaman-and-the-lost-kingdom-2023,DC,DCEU (Snyderverse era),DC Extended Universe,DCEU,Movie,Aquaman and the Lost Kingdom,2023,released,,,false,DCEU,Theaters,,124,core,na,,,,,movie,false,,,124,seed,false
blue-beetle-2023,DC,DCEU (Snyderverse era),DC Extended Universe,DCEU,Movie,Blue Beetle,2023,released,,,false,DCEU,Theaters,,127,core,na,,,,,movie,false,,,127,seed,false
guardians-of-the-galaxy-vol-3-2023,Marvel,MCU,The Multiverse Saga,MCU canon,Movie,Guardians of the Galaxy Vol. 3,2023,released,,,false,Phase 5,Theaters,,150,core,no,,,,,movie,false,,,150,seed,false
shazam-fury-of-the-gods-2023,DC,DCEU (Snyderverse era),DC Extended Universe,DCEU,Movie,Shazam! Fury of the Gods,2023,released,,,false,DCEU,Theaters,,130,core,na,,,,,movie,false,,,130,seed,false
the-flash-2023,DC,DCEU (Snyderverse era),DC Extended Universe,DCEU,Movie,The Flash,2023,released,,,false,DCEU,Theaters,,144,core,na,,,,,movie,false,,,144,seed,false
the-marvels-2023,Marvel,MCU,The Multiverse Saga,MCU canon,Movie,The Marvels,2023,released,,,false,Phase 5,Theaters,,105,core,no,,,,,movie,false,,,105,seed,false
deadpool-and-wolverine-2024,Marvel,MCU,The Multiverse Saga,MCU canon,Movie,Deadpool & Wolverine,2024,released,,,false,Phase 5,Theaters,,128,core,official,12,,Official Disney+ list,,movie,false,,,128,seed,false
joker-folie-a-deux-2024,DC,Elseworlds,Joker,Elseworlds,Movie,Joker: Folie à Deux,2024,released,,,false,Elseworlds,Theaters,,138,core,na,,,,,movie,false,,,138,seed,false
captain-america-brave-new-world-2025,Marvel,MCU,The Multiverse Saga,MCU canon,Movie,Captain America: Brave New World,2025-02-14,released,,,false,Phase 5,Theaters,,118,core,official,13,,Official Disney+ list,,movie,false,,,118,seed,false
superman-2025,DC,DCU (Chapter One),DCU: Chapter One,DCU,Movie,Superman,2025-07-11,released,,,false,DCU,Theaters,,130,core,na,,,,,movie,false,,,130,seed,false
the-fantastic-four-first-steps-2025,Marvel,MCU,The Multiverse Saga,MCU canon,Movie,The Fantastic Four: First Steps,2025-07-25,released,,,false,Phase 6,Theaters,,115,core,official,15,,Official Disney+ list,,movie,false,,,115,seed,false
thunderbolts-2025,Marvel,MCU,The Multiverse Saga,MCU canon,Movie,Thunderbolts*,2025-05-02,released,,,false,Phase 6,Theaters,,127,core,official,14,,Official Disney+ list,,movie,false,,,127,seed,false
supergirl-2026,DC,DCU (Chapter One),DCU: Chapter One,DCU,Movie,Supergirl,2026-06-26,released,,,false,DCU,Theaters,,120,core,na,,,Date per announced schedule,,movie,false,,,120,seed,false
spider-man-brand-new-day-2026,Marvel,MCU,The Multiverse Saga,MCU canon,Movie,Spider-Man: Brand New Day,2026-07-31,released,,,false,Phase 6,Theaters,,130,core,optional,,Peter Parker street-level aftermath and multiversal bridging before Doomsday.,Not on Disney+ list; Spider-Man's Doomsday role not confirmed,,movie,true,,,130,seed,false
clayface-2026,DC,DCU (Chapter One),DCU: Chapter One,DCU,Movie,Clayface,2026-10-23,upcoming,,,false,DCU,Theaters,,115,core,na,,,Date per announced schedule,,movie,true,,,115,seed,false
avengers-doomsday-2026,Marvel,MCU,The Multiverse Saga,MCU canon,Movie,Avengers: Doomsday,2026-12-18,upcoming,,,false,Phase 6,Theaters,,160,core,na,,,The target film; release date per Disney/Marvel,,movie,false,,,160,seed,false
man-of-tomorrow-2027,DC,DCU (Chapter One),DCU: Chapter One,DCU,Movie,Man of Tomorrow,2027-07-09,upcoming,,,false,DCU,Theaters,,125,core,na,,,Upcoming,,movie,true,,,125,seed,false
the-batman-part-ii-2027,DC,Elseworlds,The Batman Epic Crime Saga,Elseworlds,Movie,The Batman Part II,2027-10-01,upcoming,,,false,Elseworlds,Theaters,,165,core,na,,,Upcoming,,movie,false,,,165,seed,false
avengers-secret-wars-2027,Marvel,MCU,The Multiverse Saga,MCU canon,Movie,Avengers: Secret Wars,2027-12-17,upcoming,,,false,Phase 6,Theaters,,175,core,na,,,Upcoming; after Doomsday,,movie,false,,,175,seed,false
wandavision-2021,Marvel,MCU,The Multiverse Saga,MCU canon,TV Series,WandaVision,2021-01-15,released,,,false,Phase 4,Disney+,1,,core,optional,,Establishes Scarlet Witch reality-warping and Billy Maximoff leading to Multiverse of Madness.,First Disney+ MCU series; directly leads into Multiverse of Madness and Agatha All Along.,,tv,false,,,,,false
the-falcon-and-the-winter-soldier-2021,Marvel,MCU,The Multiverse Saga,MCU canon,TV Series,The Falcon and the Winter Soldier,2021-03-19,released,,,false,Phase 4,Disney+,1,,core,optional,,Sam Wilson accepts the Captain America mantle leading into Brave New World and Thunderbolts*.,Establishes Sam Wilson as Captain America and introduces US Agent (John Walker).,,tv,false,,,,,false
hawkeye-2021,Marvel,MCU,The Multiverse Saga,MCU canon,TV Series,Hawkeye,2021-11-24,released,,,false,Phase 4,Disney+,1,,core,no,,,Introduces Kate Bishop and Maya Lopez (Echo); re-introduces Vincent D'Onofrio Kingpin.,,tv,false,,,,,false
moon-knight-2022,Marvel,MCU,The Multiverse Saga,MCU canon,TV Series,Moon Knight,2022-03-30,released,,,true,Phase 4,Disney+,1,,core,no,,,Oscar Isaac stars as Marc Spector / Steven Grant.,,tv,false,,,,,false
ms-marvel-2022,Marvel,MCU,The Multiverse Saga,MCU canon,TV Series,Ms. Marvel,2022-06-08,released,,,false,Phase 4,Disney+,1,,core,no,,,Iman Vellani origin as Kamala Khan; directly leads into The Marvels.,,tv,false,,,,,false
she-hulk-attorney-at-law-2022,Marvel,MCU,The Multiverse Saga,MCU canon,TV Series,She-Hulk: Attorney at Law,2022-08-18,released,,,false,Phase 4,Disney+,1,,core,no,,,Tatiana Maslany as Jennifer Walters; guest stars Charlie Cox Daredevil.,,tv,false,,,,,false
secret-invasion-2023,Marvel,MCU,The Multiverse Saga,MCU canon,TV Series,Secret Invasion,2023-06-21,released,,,false,Phase 5,Disney+,1,,core,no,,,Samuel L. Jackson as Nick Fury uncovering Skrull infiltration.,,tv,false,,,,,false
echo-2024,Marvel,MCU,The Multiverse Saga,MCU canon,TV Series,Echo,2024-01-09,released,,,false,Phase 5,Disney+,1,,core,no,,,Marvel Spotlight street-level series bridging Hawkeye and Daredevil: Born Again.,,tv,false,,,,,false
agatha-all-along-2024,Marvel,MCU,The Multiverse Saga,MCU canon,TV Series,Agatha All Along,2024-09-18,released,,,false,Phase 5,Disney+,1,,core,optional,,Explores the Witches' Road and introduces Wiccan (Billy Maximoff) to the modern MCU.,Kathryn Hahn and Joe Locke; direct sequel spinoff to WandaVision.,,tv,false,,,,,false
daredevil-born-again-2025,Marvel,MCU,The Multiverse Saga,MCU canon,TV Series,Daredevil: Born Again,2025-03-04,released,,,false,Phase 5,Disney+,1,,core,no,,,Charlie Cox and Vincent D'Onofrio return alongside Jon Bernthal Punisher.,,tv,false,,,,,false
ironheart-2025,Marvel,MCU,The Multiverse Saga,MCU canon,TV Series,Ironheart,2025-06-24,released,,,false,Phase 5,Disney+,1,,core,no,,,Dominique Thorne as Riri Williams following Wakanda Forever.,,tv,false,,,,,false
wonder-man-2025,Marvel,MCU,The Multiverse Saga,MCU canon,TV Series,Wonder Man,2025-12,released,,,true,Phase 6,Disney+,1,,core,no,,,Yahya Abdul-Mateen II as Simon Williams under Marvel Spotlight.,,tv,true,,,,,false
vision-quest-2026,Marvel,MCU,The Multiverse Saga,MCU canon,TV Series,Vision Quest,2026-10-14,upcoming,,,true,Phase 6,Disney+,1,,core,optional,,Closes out the Wanda/Vision storyline; releases before Doomsday,Paul Bettany returns as White Vision; James Spader returns as Ultron.,,tv,true,,,,,false
blade-tbd,Marvel,MCU,The Multiverse Saga,MCU canon,Movie,Blade,TBD,tbd,,,true,Phase 6,Theaters,,,core,no,,,Mahershala Ali MCU Blade reboot; release date currently unset.,,movie,true,,,,,false
armor-wars-tbd,Marvel,MCU,The Multiverse Saga,MCU canon,Movie,Armor Wars,TBD,tbd,,,true,Phase 6,Theaters,,,core,no,,,Don Cheadle starring as James Rhodes / War Machine.,,movie,true,,,,,false
shang-chi-2-tbd,Marvel,MCU,The Multiverse Saga,MCU canon,Movie,Shang-Chi 2,TBD,tbd,,,true,Phase 6,Theaters,,,core,no,,,Simu Liu sequel directed by Destin Daniel Cretton.,,movie,true,,,,,false
werewolf-by-night-2022,Marvel,MCU,The Multiverse Saga,MCU canon,Special,Werewolf by Night,2022-10-07,released,,,false,Phase 4,Disney+,,53,fringe,no,,,Marvel Studios Special Presentation directed by Michael Giacchino.,,movie,false,,,53,seed,false
the-guardians-of-the-galaxy-holiday-special-2022,Marvel,MCU,The Multiverse Saga,MCU canon,Special,The Guardians of the Galaxy Holiday Special,2022-11-25,released,,,false,Phase 4,Disney+,,44,fringe,no,,,Epilogue bridge leading into Guardians of the Galaxy Vol. 3.,,movie,false,,,44,seed,false
what-if-2021,Marvel,Marvel Animation,The Multiverse Saga,MCU canon,TV Series,What If...?,2021-2024,released,,,false,Phase 4-5,Disney+,3,,extended,optional,,Explores multiversal variations and cosmic watcher perspective relevant to Secret Wars.,Animated anthology exploring alternate MCU realities across 3 seasons.,,tv,false,,,,,false
i-am-groot-2022,Marvel,MCU,The Multiverse Saga,MCU canon,Short,I Am Groot,2022-2023,released,,,false,Phase 4-5,Disney+,2,,fringe,no,,,Series of animated shorts following Baby Groot between GotG Vol 1 and 2.,,tv,false,,,,,false
x-men-97-2024,Marvel,Marvel Animation,X-Men,Non-MCU Marvel,TV Series,X-Men '97,2024-03-20,released,,,false,Marvel Animation,Disney+,1,,extended,no,,,Revival and continuation of the 1990s X-Men animated series.,,tv,false,,,,,false
your-friendly-neighborhood-spider-man-2025,Marvel,Marvel Animation,Spider-Man,Non-MCU Marvel,TV Series,Your Friendly Neighborhood Spider-Man,2025-01-29,released,,,false,Marvel Animation,Disney+,1,,extended,no,,,Alternate MCU-adjacent animated origin story for Peter Parker.,,tv,true,,,,,false
eyes-of-wakanda-2025,Marvel,Marvel Animation,The Multiverse Saga,MCU canon,TV Series,Eyes of Wakanda,2025-08-06,released,,,false,Phase 5,Disney+,1,,fringe,no,,,Animated anthology chronicling Wakandan War Dogs throughout history.,,tv,true,,,,,false
marvel-zombies-2025,Marvel,Marvel Animation,The Multiverse Saga,MCU canon,TV Series,Marvel Zombies,2025-10-03,released,,,false,Phase 5,Disney+,1,,fringe,no,,,Four-episode TV-MA animated series following the zombie outbreak from What If...?,,tv,true,,,,,false
marvel-studios-legends-2021,Marvel,MCU,The Multiverse Saga,MCU canon,Short,Marvel Studios: Legends,2021-2024,released,,,true,Phase 4-5,Disney+,2,,fringe,no,,,Recap docuseries highlighting individual heroes and artifacts before new projects.,,tv,false,,,,,false
marvel-one-shot-the-consultant-2011,Marvel,MCU,The Infinity Saga,MCU canon,Short,Marvel One-Shot: The Consultant,2011-09-13,released,,,false,Phase 1,Disney+,,4,fringe,no,,,Bridges Iron Man 2 and The Incredible Hulk featuring Agents Coulson and Sitwell.,,movie,false,,,4,seed,false
marvel-one-shot-a-funny-thing-happened-on-the-way-to-thors-hammer-2011,Marvel,MCU,The Infinity Saga,MCU canon,Short,Marvel One-Shot: A Funny Thing Happened on the Way to Thor's Hammer,2011-10-25,released,,,false,Phase 1,Disney+,,4,fringe,no,,,Follows Agent Coulson en route to New Mexico before Thor.,,movie,false,,,4,seed,false
marvel-one-shot-item-47-2012,Marvel,MCU,The Infinity Saga,MCU canon,Short,Marvel One-Shot: Item 47,2012-09-25,released,,,false,Phase 1,Disney+,,12,fringe,no,,,Follows recovered Chitauri weapon aftermath from The Avengers.,,movie,false,,,12,seed,false
marvel-one-shot-agent-carter-2013,Marvel,MCU,The Infinity Saga,MCU canon,Short,Marvel One-Shot: Agent Carter,2013-09-03,released,,,false,Phase 2,Disney+,,15,fringe,no,,,Peggy Carter on solo SSR assignment leading to S.H.I.E.L.D.'s founding.,,movie,false,,,15,seed,false
marvel-one-shot-all-hail-the-king-2014,Marvel,MCU,The Infinity Saga,MCU canon,Short,Marvel One-Shot: All Hail the King,2014-02-04,released,,,false,Phase 2,Disney+,,14,fringe,no,,,Trevor Slattery in Seagate Prison; confirms existence of real Ten Rings Mandarin.,,movie,false,,,14,seed,false
marvel-one-shot-team-thor-2016,Marvel,MCU,The Infinity Saga,MCU canon,Short,Marvel One-Shot: Team Thor,2016-08-28,released,,,false,Phase 3,Disney+,,4,fringe,no,,,Mockumentary short explaining Thor's whereabouts during Captain America: Civil War.,,movie,false,,,4,seed,false
daredevil-2015,Marvel,Defenders Saga,Defenders Saga,MCU canon,TV Series,Daredevil,2015-2018,released,,,false,Defenders Saga,Netflix,3,,extended,no,,,Charlie Cox stars; directly canonical foundation for Daredevil: Born Again.,,tv,false,,,,,false
jessica-jones-2015,Marvel,Defenders Saga,Defenders Saga,MCU canon,TV Series,Jessica Jones,2015-2019,released,,,false,Defenders Saga,Netflix,3,,extended,no,,,Krysten Ritter stars as private investigator Jessica Jones.,,tv,false,,,,,false
luke-cage-2016,Marvel,Defenders Saga,Defenders Saga,MCU canon,TV Series,Luke Cage,2016-2018,released,,,false,Defenders Saga,Netflix,2,,extended,no,,,Mike Colter stars as bulletproof hero of Harlem.,,tv,false,,,,,false
iron-fist-2017,Marvel,Defenders Saga,Defenders Saga,MCU canon,TV Series,Iron Fist,2017-2018,released,,,false,Defenders Saga,Netflix,2,,extended,no,,,Finn Jones stars as Danny Rand alongside Jessica Henwick Colleen Wing.,,tv,false,,,,,false
the-defenders-2017,Marvel,Defenders Saga,Defenders Saga,MCU canon,TV Series,The Defenders,2017,released,,,false,Defenders Saga,Netflix,1,,extended,no,,,"Crossover miniseries uniting Daredevil, Jessica Jones, Luke Cage, and Iron Fist.",,tv,false,,,,,false
the-punisher-2017,Marvel,Defenders Saga,Defenders Saga,MCU canon,TV Series,The Punisher,2017-2019,released,,,false,Defenders Saga,Netflix,2,,extended,no,,,Jon Bernthal reprises role as Frank Castle leading into Daredevil: Born Again.,,tv,false,,,,,false
agents-of-s-h-i-e-l-d-2013,Marvel,Marvel Television,Marvel Television,MCU canon,TV Series,Agents of S.H.I.E.L.D.,2013-2020,released,,,true,Marvel Television,ABC,7,,extended,no,,,Clark Gregg stars as Phil Coulson across 7 seasons post-Avengers.,,tv,false,,,,,false
agent-carter-2015,Marvel,Marvel Television,Marvel Television,MCU canon,TV Series,Agent Carter,2015-2016,released,,,false,Marvel Television,ABC,2,,extended,no,,,Hayley Atwell stars alongside James D'Arcy as Edwin Jarvis.,,tv,false,,,,,false
inhumans-2017,Marvel,Marvel Television,Marvel Television,MCU canon,TV Series,Inhumans,2017,released,,,true,Marvel Television,ABC,1,,extended,no,,,"Anson Mount stars as Black Bolt, later reprised in Multiverse of Madness.",,tv,false,,,,,false
runaways-2017,Marvel,Marvel Television,Marvel Television,MCU canon,TV Series,Runaways,2017-2019,released,,,true,Marvel Television,Hulu,3,,extended,no,,,Teen superheroes discovering their parents' secret evil society Pride.,,tv,false,,,,,false
cloak-and-dagger-2018,Marvel,Marvel Television,Marvel Television,MCU canon,TV Series,Cloak & Dagger,2018-2019,released,,,true,Marvel Television,Other,2,,extended,no,,,Tandy Bowen and Tyrone Johnson origin in New Orleans.,,tv,false,,,,,false
helstrom-2020,Marvel,Marvel Television,Marvel Television,Non-MCU Marvel,TV Series,Helstrom,2020,released,,,true,Marvel Television,Hulu,1,,extended,no,,,Standalone supernatural horror series starring Tom Austen and Sydney Lemmon.,,tv,false,,,,,false
fantastic-four-2005,Marvel,Fantastic Four (Fox),Fantastic Four,Non-MCU Marvel,Movie,Fantastic Four,2005,released,,,false,Fox Marvel,Theaters,,106,extended,no,,,Chris Evans as Johnny Storm; context for Deadpool & Wolverine cameo.,,movie,false,,,106,seed,false
fantastic-four-rise-of-the-silver-surfer-2007,Marvel,Fantastic Four (Fox),Fantastic Four,Non-MCU Marvel,Movie,Fantastic Four: Rise of the Silver Surfer,2007,released,,,false,Fox Marvel,Theaters,,92,extended,no,,,Featuring Silver Surfer and Galactus cloud.,,movie,false,,,92,seed,false
fantastic-four-2015,Marvel,Fantastic Four (Fox),Fantastic Four,Non-MCU Marvel,Movie,Fant4stic,2015,released,,,false,Fox Marvel,Theaters,,100,extended,no,,,Josh Trank 2015 reboot starring Miles Teller and Michael B. Jordan.,,movie,false,,,100,seed,false
legion-2017,Marvel,Fox X-Men (non-MCU),X-Men,Non-MCU Marvel,TV Series,Legion,2017-2019,released,,,true,Fox Marvel,Fox,3,,extended,no,,,Noah Hawley psychological FX series following David Haller.,,tv,false,,,,,false
the-gifted-2017,Marvel,Fox X-Men (non-MCU),X-Men,Non-MCU Marvel,TV Series,The Gifted,2017-2019,released,,,true,Fox Marvel,Fox,2,,extended,no,,,Fox network mutant underground series.,,tv,false,,,,,false
spider-man-2002,Marvel,Spider-Man (Raimi),Spider-Man,Non-MCU Marvel,Movie,Spider-Man,2002,released,,,false,Sony Spider-Man,Theaters,,121,extended,no,,,Tobey Maguire origin as Peter Parker; Willem Dafoe Green Goblin returns in No Way Home.,,movie,false,,,121,seed,false
spider-man-2-2004,Marvel,Spider-Man (Raimi),Spider-Man,Non-MCU Marvel,Movie,Spider-Man 2,2004,released,,,false,Sony Spider-Man,Theaters,,127,extended,no,,,Alfred Molina Doc Ock introduction; reprised in No Way Home.,,movie,false,,,127,seed,false
spider-man-3-2007,Marvel,Spider-Man (Raimi),Spider-Man,Non-MCU Marvel,Movie,Spider-Man 3,2007,released,,,false,Sony Spider-Man,Theaters,,139,extended,no,,,Thomas Haden Church Sandman returns in No Way Home.,,movie,false,,,139,seed,false
the-amazing-spider-man-2012,Marvel,The Amazing Spider-Man,Spider-Man,Non-MCU Marvel,Movie,The Amazing Spider-Man,2012,released,,,false,Sony Spider-Man,Theaters,,136,extended,no,,,Andrew Garfield Spider-Man reboot; returns in No Way Home.,,movie,false,,,136,seed,false
the-amazing-spider-man-2-2014,Marvel,The Amazing Spider-Man,Spider-Man,Non-MCU Marvel,Movie,The Amazing Spider-Man 2,2014,released,,,false,Sony Spider-Man,Theaters,,142,extended,no,,,Jamie Foxx Electro returns in No Way Home.,,movie,false,,,142,seed,false
spider-man-into-the-spider-verse-2018,Marvel,Spider-Verse,Spider-Man,Non-MCU Marvel,Movie,Spider-Man: Into the Spider-Verse,2018,released,,,false,Sony Animation,Theaters,,117,extended,no,,,Oscar-winning animated multiverse debut of Miles Morales.,,movie,false,,,117,seed,false
spider-man-across-the-spider-verse-2023,Marvel,Spider-Verse,Spider-Man,Non-MCU Marvel,Movie,Spider-Man: Across the Spider-Verse,2023,released,,,false,Sony Animation,Theaters,,140,extended,no,,,Expands the Spider-Society and canon events across dimensions.,,movie,false,,,140,seed,false
spider-man-beyond-the-spider-verse-tbd,Marvel,Spider-Verse,Spider-Man,Non-MCU Marvel,Movie,Spider-Man: Beyond the Spider-Verse,TBD,tbd,,,true,Sony Animation,Theaters,,,extended,no,,,Third animated film completing the Miles Morales trilogy.,,movie,true,,,,,false
venom-2018,Marvel,Sony's Spider-Man Universe,Venom,Non-MCU Marvel,Movie,Venom,2018,released,,,false,SSU,Theaters,,112,extended,no,,,Tom Hardy origin as Eddie Brock / Venom.,,movie,false,,,112,seed,false
venom-let-there-be-carnage-2021,Marvel,Sony's Spider-Man Universe,Venom,Non-MCU Marvel,Movie,Venom: Let There Be Carnage,2021,released,,,false,SSU,Theaters,,97,extended,no,,,Post-credits scene teleports Eddie Brock into the MCU for No Way Home.,,movie,false,,,97,seed,false
morbius-2022,Marvel,Sony's Spider-Man Universe,SSU,Non-MCU Marvel,Movie,Morbius,2022,released,,,false,SSU,Theaters,,104,extended,no,,,Jared Leto origin as the Living Vampire.,,movie,false,,,104,seed,false
madame-web-2024,Marvel,Sony's Spider-Man Universe,SSU,Non-MCU Marvel,Movie,Madame Web,2024,released,,,false,SSU,Theaters,,116,extended,no,,,Dakota Johnson origin as clairvoyant Cassie Webb.,,movie,false,,,116,seed,false
venom-the-last-dance-2024,Marvel,Sony's Spider-Man Universe,Venom,Non-MCU Marvel,Movie,Venom: The Last Dance,2024,released,,,false,SSU,Theaters,,109,extended,no,,,Culmination of Tom Hardy's Venom trilogy featuring Knull.,,movie,false,,,109,seed,false
kraven-the-hunter-2024,Marvel,Sony's Spider-Man Universe,SSU,Non-MCU Marvel,Movie,Kraven the Hunter,2024-12-13,released,,,false,SSU,Theaters,,127,extended,no,,,Aaron Taylor-Johnson origin as Sergei Kravinoff.,,movie,false,,,127,seed,false
howard-the-duck-1986,Marvel,Classic Marvel,Classic Marvel,Non-MCU Marvel,Movie,Howard the Duck,1986,released,,,false,Pre-MCU Era,Theaters,,110,extended,no,,,First feature-length theatrical release for a Marvel character.,,movie,false,,,110,seed,false
the-punisher-1989,Marvel,The Punisher (Legacy),The Punisher,Non-MCU Marvel,Movie,The Punisher,1989,released,,,false,Pre-MCU Era,Theaters,,89,extended,no,,,Dolph Lundgren as Frank Castle.,,movie,false,,,89,seed,false
captain-america-1990,Marvel,Classic Marvel,Classic Marvel,Non-MCU Marvel,Movie,Captain America,1990,released,,,false,Pre-MCU Era,Theaters,,97,extended,no,,,Matt Salinger as Steve Rogers.,,movie,false,,,97,seed,false
blade-1998,Marvel,Blade (New Line),Blade,Non-MCU Marvel,Movie,Blade,1998,released,,,false,Pre-MCU Era,Theaters,,120,extended,no,,,Wesley Snipes origin as the Daywalker; reprised in Deadpool & Wolverine.,,movie,false,,,120,seed,false
blade-ii-2002,Marvel,Blade (New Line),Blade,Non-MCU Marvel,Movie,Blade II,2002,released,,,false,Pre-MCU Era,Theaters,,117,extended,no,,,Guillermo del Toro vampire sequel.,,movie,false,,,117,seed,false
daredevil-2003,Marvel,Daredevil (2003),Daredevil,Non-MCU Marvel,Movie,Daredevil,2003,released,,,false,Pre-MCU Era,Theaters,,103,extended,no,,,Ben Affleck as Matt Murdock; Jennifer Garner as Elektra.,,movie,false,,,103,seed,false
hulk-2003,Marvel,Hulk (Ang Lee),Hulk,Non-MCU Marvel,Movie,Hulk,2003,released,,,false,Pre-MCU Era,Theaters,,138,extended,no,,,Ang Lee's psychological origin starring Eric Bana.,,movie,false,,,138,seed,false
the-punisher-2004,Marvel,The Punisher (Legacy),The Punisher,Non-MCU Marvel,Movie,The Punisher,2004,released,,,false,Pre-MCU Era,Theaters,,124,extended,no,,,Thomas Jane as Frank Castle against John Travolta Howard Saint.,,movie,false,,,124,seed,false
blade-trinity-2004,Marvel,Blade (New Line),Blade,Non-MCU Marvel,Movie,Blade: Trinity,2004,released,,,false,Pre-MCU Era,Theaters,,113,extended,no,,,Features Ryan Reynolds as Hannibal King alongside Wesley Snipes.,,movie,false,,,113,seed,false
elektra-2005,Marvel,Daredevil (2003),Daredevil,Non-MCU Marvel,Movie,Elektra,2005,released,,,false,Pre-MCU Era,Theaters,,97,extended,no,,,Jennifer Garner reprised in Deadpool & Wolverine.,,movie,false,,,97,seed,false
man-thing-2005,Marvel,Classic Marvel,Classic Marvel,Non-MCU Marvel,Movie,Man-Thing,2005,released,,,false,Pre-MCU Era,Theaters,,97,extended,no,,,Swamp creature feature directed by Brett Leonard.,,movie,false,,,97,seed,false
ghost-rider-2007,Marvel,Ghost Rider,Ghost Rider,Non-MCU Marvel,Movie,Ghost Rider,2007,released,,,false,Pre-MCU Era,Theaters,,110,extended,no,,,Nicolas Cage origin as Johnny Blaze / Spirit of Vengeance.,,movie,false,,,110,seed,false
punisher-war-zone-2008,Marvel,The Punisher (Legacy),The Punisher,Non-MCU Marvel,Movie,Punisher: War Zone,2008,released,,,false,Pre-MCU Era,Theaters,,103,extended,no,,,Lexi Alexander reboot starring Ray Stevenson.,,movie,false,,,103,seed,false
ghost-rider-spirit-of-vengeance-2011,Marvel,Ghost Rider,Ghost Rider,Non-MCU Marvel,Movie,Ghost Rider: Spirit of Vengeance,2011,released,,,false,Pre-MCU Era,Theaters,,95,extended,no,,,Neveldine/Taylor kinetic sequel starring Nicolas Cage.,,movie,false,,,95,seed,false
superman-1978,DC,Superman (Reeve),Superman,Legacy DC,Movie,Superman,1978,released,,,false,Reeve Era,Theaters,,143,extended,na,,,Richard Donner groundbreaking masterpiece starring Christopher Reeve.,,movie,false,,,143,seed,false
superman-ii-1980,DC,Superman (Reeve),Superman,Legacy DC,Movie,Superman II,1980,released,,,false,Reeve Era,Theaters,,127,extended,na,,,General Zod and Kryptonian criminals challenge Superman on Earth.,,movie,false,,,127,seed,false
superman-iii-1983,DC,Superman (Reeve),Superman,Legacy DC,Movie,Superman III,1983,released,,,false,Reeve Era,Theaters,,125,extended,na,,,Richard Pryor co-stars alongside Christopher Reeve.,,movie,false,,,125,seed,false
supergirl-1984,DC,Superman (Reeve),Superman,Legacy DC,Movie,Supergirl,1984,released,,,false,Reeve Era,Theaters,,124,extended,na,,,Helen Slater origin as Kara Zor-El in Reeve continuity.,,movie,false,,,124,seed,false
superman-iv-the-quest-for-peace-1987,DC,Superman (Reeve),Superman,Legacy DC,Movie,Superman IV: The Quest for Peace,1987,released,,,false,Reeve Era,Theaters,,90,extended,na,,,Final Christopher Reeve appearance battling Nuclear Man.,,movie,false,,,90,seed,false
superman-returns-2006,DC,Superman (Reeve),Superman,Legacy DC,Movie,Superman Returns,2006,released,,,false,Reeve Era,Theaters,,154,extended,na,,,Bryan Singer continuation honoring the Reeve continuity starring Brandon Routh.,,movie,false,,,154,seed,false
batman-1989,DC,Batman (Burton/Schumacher),Batman,Legacy DC,Movie,Batman,1989,released,,,false,Burton/Schumacher Era,Theaters,,126,extended,na,,,Tim Burton gothic landmark starring Michael Keaton and Jack Nicholson.,,movie,false,,,126,seed,false
batman-returns-1992,DC,Batman (Burton/Schumacher),Batman,Legacy DC,Movie,Batman Returns,1992,released,,,false,Burton/Schumacher Era,Theaters,,126,extended,na,,,Michael Keaton returns with Michelle Pfeiffer Catwoman and Danny DeVito Penguin.,,movie,false,,,126,seed,false
batman-forever-1995,DC,Batman (Burton/Schumacher),Batman,Legacy DC,Movie,Batman Forever,1995,released,,,false,Burton/Schumacher Era,Theaters,,121,extended,na,,,Joel Schumacher directs Val Kilmer as Batman with Jim Carrey and Tommy Lee Jones.,,movie,false,,,121,seed,false
batman-and-robin-1997,DC,Batman (Burton/Schumacher),Batman,Legacy DC,Movie,Batman & Robin,1997,released,,,false,Burton/Schumacher Era,Theaters,,125,extended,na,,,"George Clooney as Batman, Arnold Schwarzenegger as Mr. Freeze.",,movie,false,,,125,seed,false
batman-begins-2005,DC,The Dark Knight Trilogy,Batman,Legacy DC,Movie,Batman Begins,2005,released,,,false,Nolan Era,Theaters,,140,extended,na,,,Christopher Nolan grounded reboot starring Christian Bale.,,movie,false,,,140,seed,false
the-dark-knight-2008,DC,The Dark Knight Trilogy,Batman,Legacy DC,Movie,The Dark Knight,2008,released,,,false,Nolan Era,Theaters,,152,extended,na,,,Legendary crime thriller; Heath Ledger won posthumous Academy Award as Joker.,,movie,false,,,152,seed,false
the-dark-knight-rises-2012,DC,The Dark Knight Trilogy,Batman,Legacy DC,Movie,The Dark Knight Rises,2012,released,,,false,Nolan Era,Theaters,,164,extended,na,,,Epic conclusion to Christian Bale's Batman arc confronting Tom Hardy Bane.,,movie,false,,,164,seed,false
catwoman-2004,DC,Standalone DC,Batman,Legacy DC,Movie,Catwoman,2004,released,,,false,Legacy DC,Theaters,,104,extended,na,,,Halle Berry standalone Patience Phillips film.,,movie,false,,,104,seed,false
constantine-2005,DC,Constantine,Vertigo / DC,Legacy DC,Movie,Constantine,2005,released,,,false,Legacy DC,Theaters,,121,extended,na,,,Keanu Reeves stars as occult detective John Constantine.,,movie,false,,,121,seed,false
v-for-vendetta-2005,DC,Vertigo / DC,Vertigo / DC,Legacy DC,Movie,V for Vendetta,2005,released,,,false,Legacy DC,Theaters,,132,extended,na,,,Hugo Weaving and Natalie Portman in adaptation of Alan Moore Vertigo graphic novel.,,movie,false,,,132,seed,false
watchmen-2009,DC,Watchmen,Vertigo / DC,Legacy DC,Movie,Watchmen,2009,released,,,false,Legacy DC,Theaters,,163,extended,na,,,Zack Snyder adaptation of the landmark DC graphic novel.,,movie,false,,,163,seed,false
jonah-hex-2010,DC,Standalone DC,Standalone DC,Legacy DC,Movie,Jonah Hex,2010,released,,,false,Legacy DC,Theaters,,81,extended,na,,,Josh Brolin western bounty hunter adaptation.,,movie,false,,,81,seed,false
green-lantern-2011,DC,Green Lantern,Green Lantern,Legacy DC,Movie,Green Lantern,2011,released,,,false,Legacy DC,Theaters,,114,extended,na,,,Ryan Reynolds as Hal Jordan.,,movie,false,,,114,seed,false
swamp-thing-1982,DC,Swamp Thing (Classic),Swamp Thing,Legacy DC,Movie,Swamp Thing,1982,released,,,false,Legacy DC,Theaters,,91,fringe,na,,,Wes Craven cult sci-fi creature film.,,movie,false,,,91,seed,false
the-return-of-swamp-thing-1989,DC,Swamp Thing (Classic),Swamp Thing,Legacy DC,Movie,The Return of Swamp Thing,1989,released,,,false,Legacy DC,Theaters,,88,fringe,na,,,Campy sequel starring Dick Durock and Heather Locklear.,,movie,false,,,88,seed,false
steel-1997,DC,Standalone DC,Superman,Legacy DC,Movie,Steel,1997,released,,,false,Legacy DC,Theaters,,97,fringe,na,,,Shaquille O'Neal as armored DC hero John Henry Irons.,,movie,false,,,97,seed,false
peacemaker-2022,DC,DCU (Chapter One),DCU: Chapter One,DCU,TV Series,Peacemaker,2022-,released,,,false,DCU,Max,2,,core,na,,,John Cena stars; James Gunn confirmed Season 2 transitions directly into DCU Chapter One.,,tv,false,,,,,false
creature-commandos-2024,DC,DCU (Chapter One),DCU: Chapter One,DCU,TV Series,Creature Commandos,2024-12-05,released,,,false,DCU,Max,1,,core,na,,,Official opening narrative entry of James Gunn's DCU Chapter One.,,tv,false,,,,,false
the-penguin-2024,DC,Elseworlds,The Batman Epic Crime Saga,Elseworlds,TV Series,The Penguin,2024,released,,,false,Elseworlds,Max,1,,core,na,,,Colin Farrell stars; directly bridges The Batman and The Batman Part II.,,tv,false,,,,,false
harley-quinn-2019,DC,Elseworlds,Harley Quinn,Elseworlds,TV Series,Harley Quinn,2019-,released,,,false,Elseworlds,Max,4,,extended,na,,,Critically acclaimed adult animated series starring Kaley Cuoco.,,tv,false,,,,,false
lanterns-tbd,DC,DCU (Chapter One),DCU: Chapter One,DCU,TV Series,Lanterns,2026-08-16,released,,,true,DCU,Max,1,,core,na,,,Hal Jordan and John Stewart True Detective-style mystery in DCU.,,tv,true,8,,,seed,false
waller-tbd,DC,DCU (Chapter One),DCU: Chapter One,DCU,TV Series,Waller,TBD,upcoming,,,true,DCU,Max,1,,core,na,,,Viola Davis stars as Amanda Waller following Peacemaker events.,,tv,true,,,,,false
booster-gold-tbd,DC,DCU (Chapter One),DCU: Chapter One,DCU,TV Series,Booster Gold,TBD,upcoming,,,true,DCU,Max,1,,core,na,,,Time-traveling imposter hero from the 25th century in DCU.,,tv,true,,,,,false
the-brave-and-the-bold-tbd,DC,DCU (Chapter One),DCU: Chapter One,DCU,Movie,The Brave and the Bold,TBD,tbd,,,true,DCU,Theaters,,,core,na,,,DCU Batman and Robin (Damian Wayne) introduction directed by Andy Muschietti.,,movie,true,,,,,false
swamp-thing-dcu-tbd,DC,DCU (Chapter One),DCU: Chapter One,DCU,Movie,Swamp Thing (DCU),TBD,tbd,,,true,DCU,Theaters,,,core,na,,,James Mangold dark supernatural horror film in DCU.,,movie,true,,,,,false
the-authority-tbd,DC,DCU (Chapter One),DCU: Chapter One,DCU,Movie,The Authority,TBD,tbd,,,true,DCU,Theaters,,,core,na,,,WildStorm morally grey superhero ensemble in DCU.,,movie,true,,,,,false
sgt-rock-tbd,DC,DCU (Chapter One),DCU: Chapter One,DCU,Movie,Sgt. Rock,TBD,tbd,,,true,DCU,Theaters,,,core,na,,,DC Studios WWII project with Luca Guadagnino.,,movie,true,,,,,false
teen-titans-go-to-the-movies-2018,DC,Elseworlds,Teen Titans,Elseworlds,Movie,Teen Titans Go! To the Movies,2018,released,,,false,DC Animation,Theaters,,84,fringe,na,,,Animated superhero musical comedy.,,movie,false,,,84,seed,false
arrow-2012,DC,Arrowverse,Arrowverse,Arrowverse,TV Series,Arrow,2012-2020,released,,,false,Arrowverse,Other,8,,fringe,na,,,Stephen Amell as Oliver Queen launching the CW shared universe.,,tv,false,,,,,false
the-flash-series-2014,DC,Arrowverse,Arrowverse,Arrowverse,TV Series,The Flash (Series),2014-2023,released,,,false,Arrowverse,Other,9,,fringe,na,,,Grant Gustin stars as Barry Allen across 9 seasons.,,tv,false,,,,,false
supergirl-series-2015,DC,Arrowverse,Arrowverse,Arrowverse,TV Series,Supergirl (Series),2015-2021,released,,,false,Arrowverse,Other,6,,fringe,na,,,Melissa Benoist as Kara Danvers.,,tv,false,,,,,false
dcs-legends-of-tomorrow-2016,DC,Arrowverse,Arrowverse,Arrowverse,TV Series,DC's Legends of Tomorrow,2016-2022,released,,,false,Arrowverse,Other,7,,fringe,na,,,Ensemble time-travel Arrowverse series.,,tv,false,,,,,false
black-lightning-2018,DC,Arrowverse,Arrowverse,Arrowverse,TV Series,Black Lightning,2018-2021,released,,,false,Arrowverse,Other,4,,fringe,na,,,Cress Williams as Jefferson Pierce.,,tv,false,,,,,false
batwoman-2019,DC,Arrowverse,Arrowverse,Arrowverse,TV Series,Batwoman,2019-2022,released,,,false,Arrowverse,Other,3,,fringe,na,,,Gotham vigilante series featuring Ruby Rose and Javicia Leslie.,,tv,false,,,,,false
superman-and-lois-2021,DC,Arrowverse,Superman,Arrowverse,TV Series,Superman & Lois,2021-2024,released,,,false,Arrowverse,Other,4,,fringe,na,,,Tyler Hoechlin and Elizabeth Tulloch starring as Clark and Lois.,,tv,false,,,,,false
batman-mask-of-the-phantasm-1993,DC,DC Animated Universe,Batman,Legacy DC,Movie,Batman: Mask of the Phantasm,1993,released,,,false,DCAU,Theaters,,76,fringe,na,,,Theatrical release from Batman: The Animated Series creators Kevin Conroy and Mark Hamill.,,movie,false,,,76,seed,false
batman-under-the-red-hood-2010,DC,DC Universe Animated Original Movies,Batman,Legacy DC,Movie,Batman: Under the Red Hood,2010,released,,,false,DC Animated,Max,,75,fringe,na,,,Acclaimed adaptation of Jason Todd's resurrection as the Red Hood.,,movie,false,,,75,seed,false
batman-the-dark-knight-returns-2012,DC,DC Universe Animated Original Movies,Batman,Legacy DC,Movie,Batman: The Dark Knight Returns,2012-2013,released,,,false,DC Animated,Max,,148,fringe,na,,,Two-part adaptation of Frank Miller's dystopic masterpiece starring Peter Weller.,,movie,false,,,148,seed,false
justice-league-the-flashpoint-paradox-2013,DC,DC Universe Animated Original Movies,Justice League,Legacy DC,Movie,Justice League: The Flashpoint Paradox,2013,released,,,false,DCAMU,Max,,81,fringe,na,,,"Barry Allen resets the timeline, launching the DC Animated Movie Universe (DCAMU).",,movie,false,,,81,seed,false
iron-man-awesome-friends-2026,Marvel,Marvel Animation,,Other,TV Series,Marvel's Iron Man and his Awesome Friends,2026-10-28,upcoming,,,,,Disney+/Disney Jr.,,,fringe,no,,,,,,false,,,,,
spidey-amazing-friends-2021,Marvel,Marvel Animation,,Other,TV Series,Marvel's Spidey and His Amazing Friends,2021,released,,,,Disney+,5,,,fringe,no,,,,,,false,,,,,,
spidey-avengers-halloween-2026,Marvel,Marvel Animation,,Other,Special,Marvel's Spidey and the Avengers: Halloween Team-Up!,2026-09-25,released,,,,Disney+,,,,fringe,no,,,,,,false,,,,,,